Category,Image_Url,Product_Description,Product_Name,Product_url,Selling_Price,SKU
Bowties,https://www.portofilosuit.com/wp-content/uploads/2018/12/4u3a4940-100x100.jpg|https://www.portofilosuit.com/wp-content/uploads/2019/01/4u3a6431-600x400.jpg,"Material: 100% Microfiber
Style: Bow Tie w/ Handkerchief in a box",Men’s Pre Tied Bow Tie With Handkerchief1,https://www.portofilosuit.com/product/mens-pre-tied-bow-tie-with-handkerchief-4940/,$14.00 ,4940
Bowties,https://www.portofilosuit.com/wp-content/uploads/2018/12/4u3a4966-600x600.jpg|https://www.portofilosuit.com/wp-content/uploads/2019/01/4u3a6431-600x400.jpg,"Material: 100% Microfiber
Style: Bow Tie w/ Handkerchief in a box",Men’s Pre Tied Bow Tie With Handkerchief24,https://www.portofilosuit.com/product/mens-pre-tied-bow-tie-with-handkerchief-4966/,$14.00 ,4966
Bowties,https://www.portofilosuit.com/wp-content/uploads/2018/12/4u3a4970-600x600.jpg|https://www.portofilosuit.com/wp-content/uploads/2019/01/4u3a6431-600x400.jpg,"Material: 100% Microfiber
Style: Bow Tie w/ Handkerchief in a box",Men’s Pre Tied Bow Tie With Handkerchief2,https://www.portofilosuit.com/product/mens-pre-tied-bow-tie-with-handkerchief-4970/,$14.00 ,4970
Bowties,https://www.portofilosuit.com/wp-content/uploads/2018/12/4u3a4973-600x600.jpg|https://www.portofilosuit.com/wp-content/uploads/2019/01/4u3a6431-600x400.jpg,"Material: 100% Microfiber
Style: Bow Tie w/ Handkerchief in a box",Men’s Pre Tied Bow Tie With Handkerchief23,https://www.portofilosuit.com/product/mens-pre-tied-bow-tie-with-handkerchief-4973/,$14.00 ,4973
Bowties,https://www.portofilosuit.com/wp-content/uploads/2018/12/4u3a4974-600x600.jpg|https://www.portofilosuit.com/wp-content/uploads/2019/01/4u3a6431-600x400.jpg|https://www.portofilosuit.com/wp-content/uploads/2019/01/4u3a6432-600x400.jpg,"Material: 100% Microfiber
Style: Bow Tie w/ Handkerchief in a box",Men’s Pre Tied Bow Tie With Handkerchief3,https://www.portofilosuit.com/product/mens-pre-tied-bow-tie-with-handkerchief-4974/,$14.00 ,4974
Bowties,https://www.portofilosuit.com/wp-content/uploads/2018/12/4u3a4975-600x600.jpg|https://www.portofilosuit.com/wp-content/uploads/2019/01/4u3a6431-600x400.jpg,"Material: 100% Microfiber
Style: Bow Tie w/ Handkerchief in a box",Men’s Pre Tied Bow Tie With Handkerchief4,https://www.portofilosuit.com/product/mens-pre-tied-bow-tie-with-handkerchief-4975/,$14.00 ,4975
Bowties,https://www.portofilosuit.com/wp-content/uploads/2018/12/4u3a4976-600x600.jpg|https://www.portofilosuit.com/wp-content/uploads/2019/01/4u3a6431-600x400.jpg,"Material: 100% Microfiber
Style: Bow Tie w/ Handkerchief in a box",Men’s Pre Tied Bow Tie With Handkerchief5,https://www.portofilosuit.com/product/mens-pre-tied-bow-tie-with-handkerchief-4976/,$14.00 ,4976
Bowties,https://www.portofilosuit.com/wp-content/uploads/2018/12/4u3a4977-600x600.jpg|https://www.portofilosuit.com/wp-content/uploads/2019/01/4u3a6431-600x400.jpg,"Material: 100% Microfiber
Style: Bow Tie w/ Handkerchief in a box",Men’s Pre Tied Bow Tie With Handkerchief6,https://www.portofilosuit.com/product/mens-pre-tied-bow-tie-with-handkerchief-4977/,$14.00 ,4977
Bowties,https://www.portofilosuit.com/wp-content/uploads/2018/12/4u3a4981-600x600.jpg|https://www.portofilosuit.com/wp-content/uploads/2019/01/4u3a6431-600x400.jpg,"Material: 100% Microfiber
Style: Bow Tie w/ Handkerchief in a box",Men’s Pre Tied Bow Tie With Handkerchief7,https://www.portofilosuit.com/product/mens-pre-tied-bow-tie-with-handkerchief-4981/,$14.00 ,4981
Bowties,https://www.portofilosuit.com/wp-content/uploads/2018/12/4u3a4982-600x600.jpg|https://www.portofilosuit.com/wp-content/uploads/2019/01/4u3a6431-600x400.jpg,"Material: 100% Microfiber
Style: Bow Tie w/ Handkerchief in a box",Men’s Pre Tied Bow Tie With Handkerchief8,https://www.portofilosuit.com/product/mens-pre-tied-bow-tie-with-handkerchief-4982/,$14.00 ,4982
Bowties,https://www.portofilosuit.com/wp-content/uploads/2018/12/4u3a4983-600x600.jpg|https://www.portofilosuit.com/wp-content/uploads/2019/01/4u3a6431-600x400.jpg,"Material: 100% Microfiber
Style: Bow Tie w/ Handkerchief in a box",Men’s Pre Tied Bow Tie With Handkerchief9,https://www.portofilosuit.com/product/mens-pre-tied-bow-tie-with-handkerchief-4983/,$14.00 ,4983
Bowties,https://www.portofilosuit.com/wp-content/uploads/2018/12/4u3a4985-600x600.jpg|https://www.portofilosuit.com/wp-content/uploads/2019/01/4u3a6431-600x400.jpg,"Material: 100% Microfiber
Style: Bow Tie w/ Handkerchief in a box",Men’s Pre Tied Bow Tie With Handkerchief10,https://www.portofilosuit.com/product/mens-pre-tied-bow-tie-with-handkerchief-4985/,$14.00 ,4985
Bowties,https://www.portofilosuit.com/wp-content/uploads/2018/12/4u3a4986-600x600.jpg|https://www.portofilosuit.com/wp-content/uploads/2019/01/4u3a6431-600x400.jpg,"Material: 100% Microfiber
Style: Bow Tie w/ Handkerchief in a box",Men’s Pre Tied Bow Tie With Handkerchief11,https://www.portofilosuit.com/product/mens-pre-tied-bow-tie-with-handkerchief-4986/,$14.00 ,4986
Bowties,https://www.portofilosuit.com/wp-content/uploads/2018/12/4u3a4987-600x600.jpg|https://www.portofilosuit.com/wp-content/uploads/2019/01/4u3a6431-600x400.jpg,"Material: 100% Microfiber
Style: Bow Tie w/ Handkerchief in a box",Men’s Pre Tied Bow Tie With Handkerchief 12,https://www.portofilosuit.com/product/mens-pre-tied-bow-tie-with-handkerchief-4987/,$14.00 ,4987
Bowties,https://www.portofilosuit.com/wp-content/uploads/2018/12/4u3a4988-600x600.jpg|https://www.portofilosuit.com/wp-content/uploads/2019/01/4u3a6431-600x400.jpg,"Material: 100% Microfiber
Style: Bow Tie w/ Handkerchief in a box",Men’s Pre Tied Bow Tie With Handkerchief 13,https://www.portofilosuit.com/product/mens-pre-tied-bow-tie-with-handkerchief-4988/,$14.00 ,4988
Bowties,https://www.portofilosuit.com/wp-content/uploads/2019/01/4u3a6428-600x600.jpg|https://www.portofilosuit.com/wp-content/uploads/2019/01/4u3a6431-600x400.jpg,"Material: 100% Microfiber
Style: Bow Tie w/ Handkerchief in a box",Men’s Pre Tied Bow Tie With Handkerchief14,https://www.portofilosuit.com/product/mens-pre-tied-bow-tie-with-handkerchief-6428/,$14.00 ,6428
Bowties,https://www.portofilosuit.com/wp-content/uploads/2019/01/4u3a6448-Copy-600x600.jpg|https://www.portofilosuit.com/wp-content/uploads/2019/01/4u3a6431-600x400.jpg,"Material: 100% Microfiber
Style: Bow Tie w/ Handkerchief in a box",Men’s Pre Tied Bow Tie With Handkerchief15,https://www.portofilosuit.com/product/mens-pre-tied-bow-tie-with-handkerchief-6448/,$14.00 ,6448
Bowties,https://www.portofilosuit.com/wp-content/uploads/2019/01/4u3a6449-Copy-2-600x600.jpg|https://www.portofilosuit.com/wp-content/uploads/2019/01/4u3a6431-600x400.jpg,"Material: 100% Microfiber
Style: Bow Tie w/ Handkerchief in a box",Men’s Pre Tied Bow Tie With Handkerchief16,https://www.portofilosuit.com/product/mens-pre-tied-bow-tie-with-handkerchief-6449/,$14.00 ,6449
Bowties,https://www.portofilosuit.com/wp-content/uploads/2019/01/4u3a6450-Copy-2-600x600.jpg|https://www.portofilosuit.com/wp-content/uploads/2019/01/4u3a6431-600x400.jpg,"Material: 100% Microfiber
Style: Bow Tie w/ Handkerchief in a box",Men’s Pre Tied Bow Tie With Handkerchief17,https://www.portofilosuit.com/product/mens-pre-tied-bow-tie-with-handkerchief-6450/,$14.00 ,6450
Bowties,https://www.portofilosuit.com/wp-content/uploads/2019/01/4u3a6451-Copy-600x600.jpg|https://www.portofilosuit.com/wp-content/uploads/2019/01/4u3a6431-600x400.jpg,"Material: 100% Microfiber
Style: Bow Tie w/ Handkerchief in a box",Men’s Pre Tied Bow Tie With Handkerchief 18,https://www.portofilosuit.com/product/mens-pre-tied-bow-tie-with-handkerchief-6451/,$14.00 ,6451
Bowties,https://www.portofilosuit.com/wp-content/uploads/2019/01/4u3a6452-Copy-2-600x600.jpg|https://www.portofilosuit.com/wp-content/uploads/2019/01/4u3a6431-600x400.jpg,"Material: 100% Microfiber
Style: Bow Tie w/ Handkerchief in a box",Men’s Pre Tied Bow Tie With Handkerchief 19,https://www.portofilosuit.com/product/mens-pre-tied-bow-tie-with-handkerchief-6452/,$14.00 ,6452
Bowties,https://www.portofilosuit.com/wp-content/uploads/2019/01/4u3a6453-600x600.jpg|https://www.portofilosuit.com/wp-content/uploads/2019/01/4u3a6431-600x400.jpg,"Material: 100% Microfiber
Style: Bow Tie w/ Handkerchief in a box",Men’s Pre Tied Bow Tie With Handkerchief 20,https://www.portofilosuit.com/product/mens-pre-tied-bow-tie-with-handkerchief-6453/,$14.00 ,6453
Bowties,https://www.portofilosuit.com/wp-content/uploads/2019/01/4u3a6454-600x600.jpg|https://www.portofilosuit.com/wp-content/uploads/2019/01/4u3a6431-600x400.jpg,"Material: 100% Microfiber
Style: Bow Tie w/ Handkerchief in a box",Men’s Pre Tied Bow Tie With Handkerchief21,https://www.portofilosuit.com/product/mens-pre-tied-bow-tie-with-handkerchief-6454/,$14.00 ,6454
Bowties,https://www.portofilosuit.com/wp-content/uploads/2019/09/blush-suspender-600x722.png,.,Suspender22,https://www.portofilosuit.com/product/suspender/,$20.00 ,Bsusp
